Series;Time;Value
実績;2018-05-13T19:00:00+09:00;null
実績;2018-05-13T20:00:00+09:00;193899
実績;2018-05-13T21:00:00+09:00;210212
実績;2018-05-13T22:00:00+09:00;212803
実績;2018-05-13T23:00:00+09:00;169255
実績;2018-05-14T00:00:00+09:00;110581
実績;2018-05-14T01:00:00+09:00;64928
実績;2018-05-14T02:00:00+09:00;39584
実績;2018-05-14T03:00:00+09:00;25035
実績;2018-05-14T04:00:00+09:00;18335
実績;2018-05-14T05:00:00+09:00;20300
実績;2018-05-14T06:00:00+09:00;26390
実績;2018-05-14T07:00:00+09:00;39888
実績;2018-05-14T08:00:00+09:00;72716
実績;2018-05-14T09:00:00+09:00;128963
実績;2018-05-14T10:00:00+09:00;177022
実績;2018-05-14T11:00:00+09:00;195136
実績;2018-05-14T12:00:00+09:00;215028
実績;2018-05-14T13:00:00+09:00;195978
実績;2018-05-14T14:00:00+09:00;208213
実績;2018-05-14T15:00:00+09:00;218588
実績;2018-05-14T16:00:00+09:00;226488
実績;2018-05-14T17:00:00+09:00;200717
実績;2018-05-14T18:00:00+09:00;167326
実績;2018-05-14T19:00:00+09:00;146077
実績;2018-05-14T20:00:00+09:00;150813
実績;2018-05-14T21:00:00+09:00;172397
実績;2018-05-14T22:00:00+09:00;183308
実績;2018-05-14T23:00:00+09:00;154994
実績;2018-05-15T00:00:00+09:00;98817
実績;2018-05-15T01:00:00+09:00;59984
実績;2018-05-15T02:00:00+09:00;37197
実績;2018-05-15T03:00:00+09:00;24009
実績;2018-05-15T04:00:00+09:00;18511
実績;2018-05-15T05:00:00+09:00;20525
実績;2018-05-15T06:00:00+09:00;29047
実績;2018-05-15T07:00:00+09:00;43635
実績;2018-05-15T08:00:00+09:00;72385
実績;2018-05-15T09:00:00+09:00;118658
実績;2018-05-15T10:00:00+09:00;158785
実績;2018-05-15T11:00:00+09:00;178804
実績;2018-05-15T12:00:00+09:00;195695
実績;2018-05-15T13:00:00+09:00;175976
実績;2018-05-15T14:00:00+09:00;186022
実績;2018-05-15T15:00:00+09:00;197475
実績;2018-05-15T16:00:00+09:00;206761
実績;2018-05-15T17:00:00+09:00;187492
実績;2018-05-15T18:00:00+09:00;148391
実績;2018-05-15T19:00:00+09:00;123940
実績;2018-05-15T20:00:00+09:00;135993
実績;2018-05-15T21:00:00+09:00;153320
実績;2018-05-15T22:00:00+09:00;182264
実績;2018-05-15T23:00:00+09:00;161399
実績;2018-05-16T00:00:00+09:00;98188
実績;2018-05-16T01:00:00+09:00;58650
実績;2018-05-16T02:00:00+09:00;37910
実績;2018-05-16T03:00:00+09:00;24092
実績;2018-05-16T04:00:00+09:00;18843
実績;2018-05-16T05:00:00+09:00;20579
実績;2018-05-16T06:00:00+09:00;30174
実績;2018-05-16T07:00:00+09:00;46649
実績;2018-05-16T08:00:00+09:00;76577
実績;2018-05-16T09:00:00+09:00;113610
実績;2018-05-16T10:00:00+09:00;148475
実績;2018-05-16T11:00:00+09:00;161523
実績;2018-05-16T12:00:00+09:00;183204
実績;2018-05-16T13:00:00+09:00;166538
実績;2018-05-16T14:00:00+09:00;174361
実績;2018-05-16T15:00:00+09:00;188169
実績;2018-05-16T16:00:00+09:00;194265
実績;2018-05-16T17:00:00+09:00;168508
実績;2018-05-16T18:00:00+09:00;132600
実績;2018-05-16T19:00:00+09:00;110619
実績;2018-05-16T20:00:00+09:00;135565
実績;2018-05-16T21:00:00+09:00;163987
実績;2018-05-16T22:00:00+09:00;161665
実績;2018-05-16T23:00:00+09:00;138517
実績;2018-05-17T00:00:00+09:00;90906
実績;2018-05-17T01:00:00+09:00;55144
実績;2018-05-17T02:00:00+09:00;35785
実績;2018-05-17T03:00:00+09:00;23836
実績;2018-05-17T04:00:00+09:00;18499
実績;2018-05-17T05:00:00+09:00;20323
実績;2018-05-17T06:00:00+09:00;28664
実績;2018-05-17T07:00:00+09:00;40259
実績;2018-05-17T08:00:00+09:00;73828
実績;2018-05-17T09:00:00+09:00;123609
実績;2018-05-17T10:00:00+09:00;173041
実績;2018-05-17T11:00:00+09:00;189423
実績;2018-05-17T12:00:00+09:00;187069
実績;2018-05-17T13:00:00+09:00;173959
実績;2018-05-17T14:00:00+09:00;187496
実績;2018-05-17T15:00:00+09:00;199817
実績;2018-05-17T16:00:00+09:00;209312
実績;2018-05-17T17:00:00+09:00;185804
実績;2018-05-17T18:00:00+09:00;152168
実績;2018-05-17T19:00:00+09:00;121544
実績;2018-05-17T20:00:00+09:00;128380
実績;2018-05-17T21:00:00+09:00;155057
実績;2018-05-17T22:00:00+09:00;156908
実績;2018-05-17T23:00:00+09:00;139564
実績;2018-05-18T00:00:00+09:00;91866
実績;2018-05-18T01:00:00+09:00;56681
実績;2018-05-18T02:00:00+09:00;35732
実績;2018-05-18T03:00:00+09:00;22638
実績;2018-05-18T04:00:00+09:00;18951
実績;2018-05-18T05:00:00+09:00;21039
実績;2018-05-18T06:00:00+09:00;30420
実績;2018-05-18T07:00:00+09:00;42294
実績;2018-05-18T08:00:00+09:00;73623
実績;2018-05-18T09:00:00+09:00;125537
実績;2018-05-18T10:00:00+09:00;168335
実績;2018-05-18T11:00:00+09:00;181578
実績;2018-05-18T12:00:00+09:00;185452
実績;2018-05-18T13:00:00+09:00;174539
実績;2018-05-18T14:00:00+09:00;189661
実績;2018-05-18T15:00:00+09:00;196917
実績;2018-05-18T16:00:00+09:00;206406
実績;2018-05-18T17:00:00+09:00;183426
実績;2018-05-18T18:00:00+09:00;149889
実績;2018-05-18T19:00:00+09:00;123164
実績;2018-05-18T20:00:00+09:00;128253
実績;2018-05-18T21:00:00+09:00;138576
実績;2018-05-18T22:00:00+09:00;145077
実績;2018-05-18T23:00:00+09:00;133769
実績;2018-05-19T00:00:00+09:00;101421
実績;2018-05-19T01:00:00+09:00;66462
実績;2018-05-19T02:00:00+09:00;45633
実績;2018-05-19T03:00:00+09:00;32686
実績;2018-05-19T04:00:00+09:00;27811
実績;2018-05-19T05:00:00+09:00;27147
実績;2018-05-19T06:00:00+09:00;34851
実績;2018-05-19T07:00:00+09:00;49201
実績;2018-05-19T08:00:00+09:00;78745
実績;2018-05-19T09:00:00+09:00;123732
実績;2018-05-19T10:00:00+09:00;155042
実績;2018-05-19T11:00:00+09:00;164237
実績;2018-05-19T12:00:00+09:00;145082
実績;2018-05-19T13:00:00+09:00;157771
実績;2018-05-19T14:00:00+09:00;166295
実績;2018-05-19T15:00:00+09:00;172997
実績;2018-05-19T16:00:00+09:00;180577
実績;2018-05-19T17:00:00+09:00;181583
実績;2018-05-19T18:00:00+09:00;163892
実績;2018-05-19T19:00:00+09:00;136459
実績;2018-05-19T20:00:00+09:00;153789
実績;2018-05-19T21:00:00+09:00;172007
実績;2018-05-19T22:00:00+09:00;176689
実績;2018-05-19T23:00:00+09:00;154979
実績;2018-05-20T00:00:00+09:00;118509
実績;2018-05-20T01:00:00+09:00;75840
実績;2018-05-20T02:00:00+09:00;52272
実績;2018-05-20T03:00:00+09:00;35716
実績;2018-05-20T04:00:00+09:00;28575
実績;2018-05-20T05:00:00+09:00;28182
実績;2018-05-20T06:00:00+09:00;37276
実績;2018-05-20T07:00:00+09:00;50287
実績;2018-05-20T08:00:00+09:00;79088
実績;2018-05-20T09:00:00+09:00;117442
実績;2018-05-20T10:00:00+09:00;145474
実績;2018-05-20T11:00:00+09:00;155909
実績;2018-05-20T12:00:00+09:00;136593
実績;2018-05-20T13:00:00+09:00;149925
実績;2018-05-20T14:00:00+09:00;156202
実績;2018-05-20T15:00:00+09:00;165500
実績;2018-05-20T16:00:00+09:00;183462
実績;2018-05-20T17:00:00+09:00;187467
実績;2018-05-20T18:00:00+09:00;173301
実績;2018-05-20T19:00:00+09:00;151940
実績;2018-05-20T20:00:00+09:00;164745
実績;2018-05-20T21:00:00+09:00;182363
実績;2018-05-20T22:00:00+09:00;190241
実績;2018-05-20T23:00:00+09:00;160770
実績;2018-05-21T00:00:00+09:00;102510
実績;2018-05-21T01:00:00+09:00;59208
実績;2018-05-21T02:00:00+09:00;38182
実績;2018-05-21T03:00:00+09:00;24389
実績;2018-05-21T04:00:00+09:00;17775
実績;2018-05-21T05:00:00+09:00;19034
実績;2018-05-21T06:00:00+09:00;26164
実績;2018-05-21T07:00:00+09:00;38934
実績;2018-05-21T08:00:00+09:00;69975
実績;2018-05-21T09:00:00+09:00;127569
実績;2018-05-21T10:00:00+09:00;178366
実績;2018-05-21T11:00:00+09:00;199895
実績;2018-05-21T12:00:00+09:00;209806
実績;2018-05-21T13:00:00+09:00;198962
実績;2018-05-21T14:00:00+09:00;205294
実績;2018-05-21T15:00:00+09:00;217314
実績;2018-05-21T16:00:00+09:00;224271
実績;2018-05-21T17:00:00+09:00;204535
実績;2018-05-21T18:00:00+09:00;166340
実績;2018-05-21T19:00:00+09:00;132921
実績;2018-05-21T20:00:00+09:00;148039
実績;2018-05-21T21:00:00+09:00;168827
実績;2018-05-21T22:00:00+09:00;181717
実績;2018-05-21T23:00:00+09:00;151134
実績;2018-05-22T00:00:00+09:00;96308
実績;2018-05-22T01:00:00+09:00;59475
実績;2018-05-22T02:00:00+09:00;37946
実績;2018-05-22T03:00:00+09:00;23208
実績;2018-05-22T04:00:00+09:00;18482
実績;2018-05-22T05:00:00+09:00;20524
実績;2018-05-22T06:00:00+09:00;29327
実績;2018-05-22T07:00:00+09:00;41936
実績;2018-05-22T08:00:00+09:00;75574
実績;2018-05-22T09:00:00+09:00;126317
実績;2018-05-22T10:00:00+09:00;169609
実績;2018-05-22T11:00:00+09:00;188807
実績;2018-05-22T12:00:00+09:00;200712
実績;2018-05-22T13:00:00+09:00;181987
実績;2018-05-22T14:00:00+09:00;187903
実績;2018-05-22T15:00:00+09:00;186797
実績;2018-05-22T16:00:00+09:00;196051
実績;2018-05-22T17:00:00+09:00;182217
実績;2018-05-22T18:00:00+09:00;148522
実績;2018-05-22T19:00:00+09:00;120998
実績;2018-05-22T20:00:00+09:00;133204
実績;2018-05-22T21:00:00+09:00;155877
実績;2018-05-22T22:00:00+09:00;162505
実績;2018-05-22T23:00:00+09:00;140592
実績;2018-05-23T00:00:00+09:00;95469
実績;2018-05-23T01:00:00+09:00;54403
実績;2018-05-23T02:00:00+09:00;36883
実績;2018-05-23T03:00:00+09:00;23498
実績;2018-05-23T04:00:00+09:00;17924
実績;2018-05-23T05:00:00+09:00;19681
実績;2018-05-23T06:00:00+09:00;27108
実績;2018-05-23T07:00:00+09:00;41339
実績;2018-05-23T08:00:00+09:00;70516
実績;2018-05-23T09:00:00+09:00;111360
実績;2018-05-23T10:00:00+09:00;151738
実績;2018-05-23T11:00:00+09:00;167326
実績;2018-05-23T12:00:00+09:00;182848
実績;2018-05-23T13:00:00+09:00;170694
実績;2018-05-23T14:00:00+09:00;183041
実績;2018-05-23T15:00:00+09:00;199888
実績;2018-05-23T16:00:00+09:00;207810
実績;2018-05-23T17:00:00+09:00;179421
実績;2018-05-23T18:00:00+09:00;142968
実績;2018-05-23T19:00:00+09:00;119153
実績;2018-05-23T20:00:00+09:00;134938
実績;2018-05-23T21:00:00+09:00;158228
実績;2018-05-23T22:00:00+09:00;166364
実績;2018-05-23T23:00:00+09:00;133670
実績;2018-05-24T00:00:00+09:00;90634
実績;2018-05-24T01:00:00+09:00;53208
実績;2018-05-24T02:00:00+09:00;35533
実績;2018-05-24T03:00:00+09:00;23003
実績;2018-05-24T04:00:00+09:00;18045
実績;2018-05-24T05:00:00+09:00;18888
実績;2018-05-24T06:00:00+09:00;27001
実績;2018-05-24T07:00:00+09:00;41066
実績;2018-05-24T08:00:00+09:00;71740
実績;2018-05-24T09:00:00+09:00;120676
実績;2018-05-24T10:00:00+09:00;168237
実績;2018-05-24T11:00:00+09:00;184900
実績;2018-05-24T12:00:00+09:00;188076
実績;2018-05-24T13:00:00+09:00;178272
実績;2018-05-24T14:00:00+09:00;189512
実績;2018-05-24T15:00:00+09:00;202792
実績;2018-05-24T16:00:00+09:00;216779
実績;2018-05-24T17:00:00+09:00;191641
実績;2018-05-24T18:00:00+09:00;154153
実績;2018-05-24T19:00:00+09:00;127498
実績;2018-05-24T20:00:00+09:00;132832
実績;2018-05-24T21:00:00+09:00;151196
実績;2018-05-24T22:00:00+09:00;158011
実績;2018-05-24T23:00:00+09:00;134570
実績;2018-05-25T00:00:00+09:00;90310
実績;2018-05-25T01:00:00+09:00;53120
実績;2018-05-25T02:00:00+09:00;35039
実績;2018-05-25T03:00:00+09:00;23240
実績;2018-05-25T04:00:00+09:00;17169
実績;2018-05-25T05:00:00+09:00;20660
実績;2018-05-25T06:00:00+09:00;29521
実績;2018-05-25T07:00:00+09:00;39945
実績;2018-05-25T08:00:00+09:00;70517
実績;2018-05-25T09:00:00+09:00;117276
実績;2018-05-25T10:00:00+09:00;160977
実績;2018-05-25T11:00:00+09:00;176140
実績;2018-05-25T12:00:00+09:00;178563
実績;2018-05-25T13:00:00+09:00;165592
実績;2018-05-25T14:00:00+09:00;174644
実績;2018-05-25T15:00:00+09:00;181649
実績;2018-05-25T16:00:00+09:00;187479
実績;2018-05-25T17:00:00+09:00;172931
実績;2018-05-25T18:00:00+09:00;139670
実績;2018-05-25T19:00:00+09:00;116400
実績;2018-05-25T20:00:00+09:00;119225
実績;2018-05-25T21:00:00+09:00;134438
実績;2018-05-25T22:00:00+09:00;138379
実績;2018-05-25T23:00:00+09:00;125743
実績;2018-05-26T00:00:00+09:00;95095
実績;2018-05-26T01:00:00+09:00;61658
実績;2018-05-26T02:00:00+09:00;39766
実績;2018-05-26T03:00:00+09:00;24874
実績;2018-05-26T04:00:00+09:00;19570
実績;2018-05-26T05:00:00+09:00;22647
実績;2018-05-26T06:00:00+09:00;33251
実績;2018-05-26T07:00:00+09:00;45209
実績;2018-05-26T08:00:00+09:00;71273
実績;2018-05-26T09:00:00+09:00;113699
実績;2018-05-26T10:00:00+09:00;143024
実績;2018-05-26T11:00:00+09:00;154462
実績;2018-05-26T12:00:00+09:00;134257
実績;2018-05-26T13:00:00+09:00;145107
実績;2018-05-26T14:00:00+09:00;153601
実績;2018-05-26T15:00:00+09:00;158750
実績;2018-05-26T16:00:00+09:00;166037
実績;2018-05-26T17:00:00+09:00;164296
実績;2018-05-26T18:00:00+09:00;149187
実績;2018-05-26T19:00:00+09:00;125629
実績;2018-05-26T20:00:00+09:00;139539
実績;2018-05-26T21:00:00+09:00;160650
実績;2018-05-26T22:00:00+09:00;163553
実績;2018-05-26T23:00:00+09:00;147117
実績;2018-05-27T00:00:00+09:00;110794
実績;2018-05-27T01:00:00+09:00;70675
実績;2018-05-27T02:00:00+09:00;46498
実績;2018-05-27T03:00:00+09:00;29650
実績;2018-05-27T04:00:00+09:00;21667
実績;2018-05-27T05:00:00+09:00;22728
実績;2018-05-27T06:00:00+09:00;35420
実績;2018-05-27T07:00:00+09:00;49212
実績;2018-05-27T08:00:00+09:00;74277
実績;2018-05-27T09:00:00+09:00;117695
実績;2018-05-27T10:00:00+09:00;146815
実績;2018-05-27T11:00:00+09:00;150274
実績;2018-05-27T12:00:00+09:00;139992
実績;2018-05-27T13:00:00+09:00;145385
実績;2018-05-27T14:00:00+09:00;153730
実績;2018-05-27T15:00:00+09:00;162559
実績;2018-05-27T16:00:00+09:00;173877
実績;2018-05-27T17:00:00+09:00;175754
実績;2018-05-27T18:00:00+09:00;160574
実績;2018-05-27T19:00:00+09:00;146609
実績;2018-05-27T20:00:00+09:00;162354
実績;2018-05-27T21:00:00+09:00;188396
実績;2018-05-27T22:00:00+09:00;189227
実績;2018-05-27T23:00:00+09:00;152199
実績;2018-05-28T00:00:00+09:00;103117
実績;2018-05-28T01:00:00+09:00;60721
実績;2018-05-28T02:00:00+09:00;39550
実績;2018-05-28T03:00:00+09:00;25739
実績;2018-05-28T04:00:00+09:00;19877
実績;2018-05-28T05:00:00+09:00;19719
実績;2018-05-28T06:00:00+09:00;28090
実績;2018-05-28T07:00:00+09:00;41668
実績;2018-05-28T08:00:00+09:00;72620
実績;2018-05-28T09:00:00+09:00;126100
実績;2018-05-28T10:00:00+09:00;173479
実績;2018-05-28T11:00:00+09:00;192528
実績;2018-05-28T12:00:00+09:00;204384
実績;2018-05-28T13:00:00+09:00;188919
実績;2018-05-28T14:00:00+09:00;204594
実績;2018-05-28T15:00:00+09:00;216744
実績;2018-05-28T16:00:00+09:00;226930
実績;2018-05-28T17:00:00+09:00;199523
実績;2018-05-28T18:00:00+09:00;165134
実績;2018-05-28T19:00:00+09:00;133418
実績;2018-05-28T20:00:00+09:00;147583
実績;2018-05-28T21:00:00+09:00;169011
実績;2018-05-28T22:00:00+09:00;185936
実績;2018-05-28T23:00:00+09:00;152751
実績;2018-05-29T00:00:00+09:00;99346
実績;2018-05-29T01:00:00+09:00;60325
実績;2018-05-29T02:00:00+09:00;38435
実績;2018-05-29T03:00:00+09:00;24431
実績;2018-05-29T04:00:00+09:00;20232
実績;2018-05-29T05:00:00+09:00;22856
実績;2018-05-29T06:00:00+09:00;31512
実績;2018-05-29T07:00:00+09:00;45092
実績;2018-05-29T08:00:00+09:00;79765
実績;2018-05-29T09:00:00+09:00;132429
実績;2018-05-29T10:00:00+09:00;175692
実績;2018-05-29T11:00:00+09:00;193259
実績;2018-05-29T12:00:00+09:00;205762
実績;2018-05-29T13:00:00+09:00;188452
実績;2018-05-29T14:00:00+09:00;195813
実績;2018-05-29T15:00:00+09:00;208702
実績;2018-05-29T16:00:00+09:00;217635
実績;2018-05-29T17:00:00+09:00;194276
実績;2018-05-29T18:00:00+09:00;156811
実績;2018-05-29T19:00:00+09:00;132105
実績;2018-05-29T20:00:00+09:00;147745
実績;2018-05-29T21:00:00+09:00;173477
実績;2018-05-29T22:00:00+09:00;177833
実績;2018-05-29T23:00:00+09:00;156927
実績;2018-05-30T00:00:00+09:00;105807
実績;2018-05-30T01:00:00+09:00;62855
実績;2018-05-30T02:00:00+09:00;41569
実績;2018-05-30T03:00:00+09:00;27503
実績;2018-05-30T04:00:00+09:00;22560
実績;2018-05-30T05:00:00+09:00;25796
実績;2018-05-30T06:00:00+09:00;34557
実績;2018-05-30T07:00:00+09:00;49428
実績;2018-05-30T08:00:00+09:00;78529
実績;2018-05-30T09:00:00+09:00;127306
実績;2018-05-30T10:00:00+09:00;162177
実績;2018-05-30T11:00:00+09:00;180404
実績;2018-05-30T12:00:00+09:00;197082
実績;2018-05-30T13:00:00+09:00;181285
実績;2018-05-30T14:00:00+09:00;195525
実績;2018-05-30T15:00:00+09:00;210965
実績;2018-05-30T16:00:00+09:00;211170
実績;2018-05-30T17:00:00+09:00;183243
実績;2018-05-30T18:00:00+09:00;143957
実績;2018-05-30T19:00:00+09:00;122964
実績;2018-05-30T20:00:00+09:00;152356
実績;2018-05-30T21:00:00+09:00;167905
実績;2018-05-30T22:00:00+09:00;173430
実績;2018-05-30T23:00:00+09:00;141533
実績;2018-05-31T00:00:00+09:00;90141
実績;2018-05-31T01:00:00+09:00;55043
実績;2018-05-31T02:00:00+09:00;37950
実績;2018-05-31T03:00:00+09:00;26273
実績;2018-05-31T04:00:00+09:00;21620
実績;2018-05-31T05:00:00+09:00;24310
実績;2018-05-31T06:00:00+09:00;29542
実績;2018-05-31T07:00:00+09:00;45628
実績;2018-05-31T08:00:00+09:00;79632
実績;2018-05-31T09:00:00+09:00;128026
実績;2018-05-31T10:00:00+09:00;174648
実績;2018-05-31T11:00:00+09:00;196377
実績;2018-05-31T12:00:00+09:00;206266
実績;2018-05-31T13:00:00+09:00;187461
実績;2018-05-31T14:00:00+09:00;197348
実績;2018-05-31T15:00:00+09:00;206834
実績;2018-05-31T16:00:00+09:00;206215
実績;2018-05-31T17:00:00+09:00;191898
実績;2018-05-31T18:00:00+09:00;157634
実績;2018-05-31T19:00:00+09:00;134464
実績;2018-05-31T20:00:00+09:00;143176
実績;2018-05-31T21:00:00+09:00;159341
実績;2018-05-31T22:00:00+09:00;157140
実績;2018-05-31T23:00:00+09:00;136813
実績;2018-06-01T00:00:00+09:00;92014
実績;2018-06-01T01:00:00+09:00;55475
実績;2018-06-01T02:00:00+09:00;39705
実績;2018-06-01T03:00:00+09:00;27309
実績;2018-06-01T04:00:00+09:00;20549
実績;2018-06-01T05:00:00+09:00;22868
実績;2018-06-01T06:00:00+09:00;31189
実績;2018-06-01T07:00:00+09:00;44492
実績;2018-06-01T08:00:00+09:00;71312
実績;2018-06-01T09:00:00+09:00;113553
実績;2018-06-01T10:00:00+09:00;151267
実績;2018-06-01T11:00:00+09:00;169559
実績;2018-06-01T12:00:00+09:00;182317
実績;2018-06-01T13:00:00+09:00;166215
実績;2018-06-01T14:00:00+09:00;175276
実績;2018-06-01T15:00:00+09:00;190350
実績;2018-06-01T16:00:00+09:00;193266
実績;2018-06-01T17:00:00+09:00;178349
実績;2018-06-01T18:00:00+09:00;149955
実績;2018-06-01T19:00:00+09:00;122827
実績;2018-06-01T20:00:00+09:00;127454
実績;2018-06-01T21:00:00+09:00;142086
実績;2018-06-01T22:00:00+09:00;149352
実績;2018-06-01T23:00:00+09:00;134359
実績;2018-06-02T00:00:00+09:00;94065
実績;2018-06-02T01:00:00+09:00;59402
実績;2018-06-02T02:00:00+09:00;39909
実績;2018-06-02T03:00:00+09:00;25852
実績;2018-06-02T04:00:00+09:00;18989
実績;2018-06-02T05:00:00+09:00;21981
実績;2018-06-02T06:00:00+09:00;32172
実績;2018-06-02T07:00:00+09:00;49299
実績;2018-06-02T08:00:00+09:00;72502
実績;2018-06-02T09:00:00+09:00;115630
実績;2018-06-02T10:00:00+09:00;145231
実績;2018-06-02T11:00:00+09:00;149494
実績;2018-06-02T12:00:00+09:00;133873
実績;2018-06-02T13:00:00+09:00;151313
実績;2018-06-02T14:00:00+09:00;156533
実績;2018-06-02T15:00:00+09:00;167029
実績;2018-06-02T16:00:00+09:00;175757
実績;2018-06-02T17:00:00+09:00;171230
実績;2018-06-02T18:00:00+09:00;153714
実績;2018-06-02T19:00:00+09:00;135018
実績;2018-06-02T20:00:00+09:00;146935
実績;2018-06-02T21:00:00+09:00;170245
実績;2018-06-02T22:00:00+09:00;175694
実績;2018-06-02T23:00:00+09:00;149365
実績;2018-06-03T00:00:00+09:00;115370
実績;2018-06-03T01:00:00+09:00;74946
実績;2018-06-03T02:00:00+09:00;50454
実績;2018-06-03T03:00:00+09:00;30744
実績;2018-06-03T04:00:00+09:00;22023
実績;2018-06-03T05:00:00+09:00;24004
実績;2018-06-03T06:00:00+09:00;35144
実績;2018-06-03T07:00:00+09:00;67934
実績;2018-06-03T08:00:00+09:00;94893
実績;2018-06-03T09:00:00+09:00;132160
実績;2018-06-03T10:00:00+09:00;156241
実績;2018-06-03T11:00:00+09:00;161460
実績;2018-06-03T12:00:00+09:00;142926
実績;2018-06-03T13:00:00+09:00;147243
実績;2018-06-03T14:00:00+09:00;160981
実績;2018-06-03T15:00:00+09:00;173207
実績;2018-06-03T16:00:00+09:00;183361
実績;2018-06-03T17:00:00+09:00;189189
実績;2018-06-03T18:00:00+09:00;177367
実績;2018-06-03T19:00:00+09:00;149330
実績;2018-06-03T20:00:00+09:00;170602
実績;2018-06-03T21:00:00+09:00;188445
実績;2018-06-03T22:00:00+09:00;196773
実績;2018-06-03T23:00:00+09:00;159570
実績;2018-06-04T00:00:00+09:00;106084
実績;2018-06-04T01:00:00+09:00;62964
実績;2018-06-04T02:00:00+09:00;40391
実績;2018-06-04T03:00:00+09:00;25430
実績;2018-06-04T04:00:00+09:00;18575
実績;2018-06-04T05:00:00+09:00;22016
実績;2018-06-04T06:00:00+09:00;30095
実績;2018-06-04T07:00:00+09:00;43263
実績;2018-06-04T08:00:00+09:00;76332
実績;2018-06-04T09:00:00+09:00;129406
実績;2018-06-04T10:00:00+09:00;181196
実績;2018-06-04T11:00:00+09:00;196847
実績;2018-06-04T12:00:00+09:00;213010
実績;2018-06-04T13:00:00+09:00;195254
実績;2018-06-04T14:00:00+09:00;201779
実績;2018-06-04T15:00:00+09:00;217057
実績;2018-06-04T16:00:00+09:00;226070
実績;2018-06-04T17:00:00+09:00;208849
実績;2018-06-04T18:00:00+09:00;167220
実績;2018-06-04T19:00:00+09:00;147289
実績;2018-06-04T20:00:00+09:00;151641
実績;2018-06-04T21:00:00+09:00;167896
実績;2018-06-04T22:00:00+09:00;179357
実績;2018-06-04T23:00:00+09:00;148682
実績;2018-06-05T00:00:00+09:00;93833
実績;2018-06-05T01:00:00+09:00;55601
実績;2018-06-05T02:00:00+09:00;36233
実績;2018-06-05T03:00:00+09:00;23102
実績;2018-06-05T04:00:00+09:00;19042
実績;2018-06-05T05:00:00+09:00;21737
実績;2018-06-05T06:00:00+09:00;31624
実績;2018-06-05T07:00:00+09:00;46578
実績;2018-06-05T08:00:00+09:00;78155
実績;2018-06-05T09:00:00+09:00;127043
実績;2018-06-05T10:00:00+09:00;172886
実績;2018-06-05T11:00:00+09:00;189099
実績;2018-06-05T12:00:00+09:00;208211
実績;2018-06-05T13:00:00+09:00;184292
実績;2018-06-05T14:00:00+09:00;196789
実績;2018-06-05T15:00:00+09:00;206834
実績;2018-06-05T16:00:00+09:00;210215
実績;2018-06-05T17:00:00+09:00;190808
実績;2018-06-05T18:00:00+09:00;152967
実績;2018-06-05T19:00:00+09:00;127652
実績;2018-06-05T20:00:00+09:00;135132
実績;2018-06-05T21:00:00+09:00;160493
実績;2018-06-05T22:00:00+09:00;200654
実績;2018-06-05T23:00:00+09:00;156566
実績;2018-06-06T00:00:00+09:00;99888
実績;2018-06-06T01:00:00+09:00;57727
実績;2018-06-06T02:00:00+09:00;37734
実績;2018-06-06T03:00:00+09:00;24371
実績;2018-06-06T04:00:00+09:00;19724
実績;2018-06-06T05:00:00+09:00;21108
実績;2018-06-06T06:00:00+09:00;30743
実績;2018-06-06T07:00:00+09:00;45459
実績;2018-06-06T08:00:00+09:00;82528
実績;2018-06-06T09:00:00+09:00;129478
実績;2018-06-06T10:00:00+09:00;168114
実績;2018-06-06T11:00:00+09:00;182729
実績;2018-06-06T12:00:00+09:00;197433
実績;2018-06-06T13:00:00+09:00;173003
実績;2018-06-06T14:00:00+09:00;186356
実績;2018-06-06T15:00:00+09:00;204850
実績;2018-06-06T16:00:00+09:00;206212
実績;2018-06-06T17:00:00+09:00;180488
実績;2018-06-06T18:00:00+09:00;145355
実績;2018-06-06T19:00:00+09:00;122507
実績;2018-06-06T20:00:00+09:00;139993
実績;2018-06-06T21:00:00+09:00;159677
実績;2018-06-06T22:00:00+09:00;165731
実績;2018-06-06T23:00:00+09:00;140905
実績;2018-06-07T00:00:00+09:00;91749
実績;2018-06-07T01:00:00+09:00;54496
実績;2018-06-07T02:00:00+09:00;36280
実績;2018-06-07T03:00:00+09:00;23568
実績;2018-06-07T04:00:00+09:00;18824
実績;2018-06-07T05:00:00+09:00;19292
実績;2018-06-07T06:00:00+09:00;28442
実績;2018-06-07T07:00:00+09:00;42499
実績;2018-06-07T08:00:00+09:00;74138
実績;2018-06-07T09:00:00+09:00;125642
実績;2018-06-07T10:00:00+09:00;176294
実績;2018-06-07T11:00:00+09:00;189582
実績;2018-06-07T12:00:00+09:00;197282
実績;2018-06-07T13:00:00+09:00;184031
実績;2018-06-07T14:00:00+09:00;196321
実績;2018-06-07T15:00:00+09:00;207404
実績;2018-06-07T16:00:00+09:00;208167
実績;2018-06-07T17:00:00+09:00;192632
実績;2018-06-07T18:00:00+09:00;152512
実績;2018-06-07T19:00:00+09:00;122929
実績;2018-06-07T20:00:00+09:00;135730
実績;2018-06-07T21:00:00+09:00;152394
実績;2018-06-07T22:00:00+09:00;159187
実績;2018-06-07T23:00:00+09:00;140313
実績;2018-06-08T00:00:00+09:00;91026
実績;2018-06-08T01:00:00+09:00;56076
実績;2018-06-08T02:00:00+09:00;36745
実績;2018-06-08T03:00:00+09:00;22570
実績;2018-06-08T04:00:00+09:00;17961
実績;2018-06-08T05:00:00+09:00;20820
実績;2018-06-08T06:00:00+09:00;30810
実績;2018-06-08T07:00:00+09:00;41655
実績;2018-06-08T08:00:00+09:00;75746
実績;2018-06-08T09:00:00+09:00;129529
実績;2018-06-08T10:00:00+09:00;174398
実績;2018-06-08T11:00:00+09:00;190969
実績;2018-06-08T12:00:00+09:00;191127
実績;2018-06-08T13:00:00+09:00;182092
実績;2018-06-08T14:00:00+09:00;190055
実績;2018-06-08T15:00:00+09:00;202123
実績;2018-06-08T16:00:00+09:00;207861
実績;2018-06-08T17:00:00+09:00;184455
実績;2018-06-08T18:00:00+09:00;149810
実績;2018-06-08T19:00:00+09:00;121999
実績;2018-06-08T20:00:00+09:00;128855
実績;2018-06-08T21:00:00+09:00;143967
実績;2018-06-08T22:00:00+09:00;145227
実績;2018-06-08T23:00:00+09:00;135509
実績;2018-06-09T00:00:00+09:00;97189
実績;2018-06-09T01:00:00+09:00;63917
実績;2018-06-09T02:00:00+09:00;40633
実績;2018-06-09T03:00:00+09:00;27088
実績;2018-06-09T04:00:00+09:00;20501
実績;2018-06-09T05:00:00+09:00;22757
実績;2018-06-09T06:00:00+09:00;33888
実績;2018-06-09T07:00:00+09:00;48246
実績;2018-06-09T08:00:00+09:00;75396
実績;2018-06-09T09:00:00+09:00;116723
実績;2018-06-09T10:00:00+09:00;144760
実績;2018-06-09T11:00:00+09:00;152207
実績;2018-06-09T12:00:00+09:00;135719
実績;2018-06-09T13:00:00+09:00;149851
実績;2018-06-09T14:00:00+09:00;155328
実績;2018-06-09T15:00:00+09:00;165902
実績;2018-06-09T16:00:00+09:00;168003
実績;2018-06-09T17:00:00+09:00;167909
実績;2018-06-09T18:00:00+09:00;152517
実績;2018-06-09T19:00:00+09:00;130722
実績;2018-06-09T20:00:00+09:00;143827
実績;2018-06-09T21:00:00+09:00;161800
実績;2018-06-09T22:00:00+09:00;169417
実績;2018-06-09T23:00:00+09:00;150662
実績;2018-06-10T00:00:00+09:00;109261
実績;2018-06-10T01:00:00+09:00;72293
実績;2018-06-10T02:00:00+09:00;48402
実績;2018-06-10T03:00:00+09:00;29032
実績;2018-06-10T04:00:00+09:00;22893
実績;2018-06-10T05:00:00+09:00;23954
実績;2018-06-10T06:00:00+09:00;33725
実績;2018-06-10T07:00:00+09:00;49081
実績;2018-06-10T08:00:00+09:00;82065
実績;2018-06-10T09:00:00+09:00;126888
実績;2018-06-10T10:00:00+09:00;153706
実績;2018-06-10T11:00:00+09:00;164532
実績;2018-06-10T12:00:00+09:00;149355
実績;2018-06-10T13:00:00+09:00;157394
実績;2018-06-10T14:00:00+09:00;177017
実績;2018-06-10T15:00:00+09:00;191790
実績;2018-06-10T16:00:00+09:00;202434
実績;2018-06-10T17:00:00+09:00;209471
実績;2018-06-10T18:00:00+09:00;193445
実績;2018-06-10T19:00:00+09:00;165027
実績;2018-06-10T20:00:00+09:00;180521
実績;2018-06-10T21:00:00+09:00;200549
実績;2018-06-10T22:00:00+09:00;204109
実績;2018-06-10T23:00:00+09:00;170095
実績;2018-06-11T00:00:00+09:00;109637
実績;2018-06-11T01:00:00+09:00;68086
実績;2018-06-11T02:00:00+09:00;48433
実績;2018-06-11T03:00:00+09:00;32479
実績;2018-06-11T04:00:00+09:00;27004
実績;2018-06-11T05:00:00+09:00;28430
実績;2018-06-11T06:00:00+09:00;36781
実績;2018-06-11T07:00:00+09:00;50844
実績;2018-06-11T08:00:00+09:00;86028
実績;2018-06-11T09:00:00+09:00;142540
実績;2018-06-11T10:00:00+09:00;200216
実績;2018-06-11T11:00:00+09:00;217474
実績;2018-06-11T12:00:00+09:00;224155
実績;2018-06-11T13:00:00+09:00;214991
実績;2018-06-11T14:00:00+09:00;227780
実績;2018-06-11T15:00:00+09:00;239051
実績;2018-06-11T16:00:00+09:00;254257
実績;2018-06-11T17:00:00+09:00;223757
実績;2018-06-11T18:00:00+09:00;186685
実績;2018-06-11T19:00:00+09:00;145926
実績;2018-06-11T20:00:00+09:00;155838
実績;2018-06-11T21:00:00+09:00;175238
実績;2018-06-11T22:00:00+09:00;186439
実績;2018-06-11T23:00:00+09:00;157360
実績;2018-06-12T00:00:00+09:00;106500
実績;2018-06-12T01:00:00+09:00;65668
実績;2018-06-12T02:00:00+09:00;45056
実績;2018-06-12T03:00:00+09:00;31267
実績;2018-06-12T04:00:00+09:00;26051
実績;2018-06-12T05:00:00+09:00;27364
実績;2018-06-12T06:00:00+09:00;32290
実績;2018-06-12T07:00:00+09:00;46486
実績;2018-06-12T08:00:00+09:00;83552
実績;2018-06-12T09:00:00+09:00;131428
実績;2018-06-12T10:00:00+09:00;171738
実績;2018-06-12T11:00:00+09:00;191978
実績;2018-06-12T12:00:00+09:00;200675
実績;2018-06-12T13:00:00+09:00;188753
実績;2018-06-12T14:00:00+09:00;196810
実績;2018-06-12T15:00:00+09:00;208886
実績;2018-06-12T16:00:00+09:00;216001
実績;2018-06-12T17:00:00+09:00;195340
実績;2018-06-12T18:00:00+09:00;156356
実績;2018-06-12T19:00:00+09:00;131159
実績;2018-06-12T20:00:00+09:00;142736
実績;2018-06-12T21:00:00+09:00;162764
実績;2018-06-12T22:00:00+09:00;163874
実績;2018-06-12T23:00:00+09:00;139353
実績;2018-06-13T00:00:00+09:00;99853
実績;2018-06-13T01:00:00+09:00;56614
実績;2018-06-13T02:00:00+09:00;34775
実績;2018-06-13T03:00:00+09:00;21964
実績;2018-06-13T04:00:00+09:00;18108
実績;2018-06-13T05:00:00+09:00;20814
実績;2018-06-13T06:00:00+09:00;28782
実績;2018-06-13T07:00:00+09:00;41732
実績;2018-06-13T08:00:00+09:00;70085
実績;2018-06-13T09:00:00+09:00;111308
実績;2018-06-13T10:00:00+09:00;146234
実績;2018-06-13T11:00:00+09:00;162567
実績;2018-06-13T12:00:00+09:00;173473
実績;2018-06-13T13:00:00+09:00;159328
実績;2018-06-13T14:00:00+09:00;167977
実績;2018-06-13T15:00:00+09:00;179544
実績;2018-06-13T16:00:00+09:00;186113
実績;2018-06-13T17:00:00+09:00;167045
実績;2018-06-13T18:00:00+09:00;132941
実績;2018-06-13T19:00:00+09:00;110793
実績;2018-06-13T20:00:00+09:00;127340
実績;2018-06-13T21:00:00+09:00;152956
実績;2018-06-13T22:00:00+09:00;163356
実績;2018-06-13T23:00:00+09:00;136091
実績;2018-06-14T00:00:00+09:00;90169
実績;2018-06-14T01:00:00+09:00;53512
実績;2018-06-14T02:00:00+09:00;34459
実績;2018-06-14T03:00:00+09:00;22233
実績;2018-06-14T04:00:00+09:00;17832
実績;2018-06-14T05:00:00+09:00;20655
実績;2018-06-14T06:00:00+09:00;28042
実績;2018-06-14T07:00:00+09:00;40316
実績;2018-06-14T08:00:00+09:00;71079
実績;2018-06-14T09:00:00+09:00;123923
実績;2018-06-14T10:00:00+09:00;165164
実績;2018-06-14T11:00:00+09:00;186909
実績;2018-06-14T12:00:00+09:00;192155
実績;2018-06-14T13:00:00+09:00;181563
実績;2018-06-14T14:00:00+09:00;193768
実績;2018-06-14T15:00:00+09:00;199781
実績;2018-06-14T16:00:00+09:00;206887
実績;2018-06-14T17:00:00+09:00;187421
実績;2018-06-14T18:00:00+09:00;150341
実績;2018-06-14T19:00:00+09:00;122198
実績;2018-06-14T20:00:00+09:00;129573
実績;2018-06-14T21:00:00+09:00;143133
実績;2018-06-14T22:00:00+09:00;149564
実績;2018-06-14T23:00:00+09:00;131341
実績;2018-06-15T00:00:00+09:00;83725
実績;2018-06-15T01:00:00+09:00;51132
実績;2018-06-15T02:00:00+09:00;35007
実績;2018-06-15T03:00:00+09:00;22763
実績;2018-06-15T04:00:00+09:00;17367
実績;2018-06-15T05:00:00+09:00;20406
実績;2018-06-15T06:00:00+09:00;27273
実績;2018-06-15T07:00:00+09:00;41264
実績;2018-06-15T08:00:00+09:00;72583
実績;2018-06-15T09:00:00+09:00;125049
実績;2018-06-15T10:00:00+09:00;170754
実績;2018-06-15T11:00:00+09:00;187879
実績;2018-06-15T12:00:00+09:00;186165
実績;2018-06-15T13:00:00+09:00;176883
実績;2018-06-15T14:00:00+09:00;191738
実績;2018-06-15T15:00:00+09:00;205562
実績;2018-06-15T16:00:00+09:00;208106
実績;2018-06-15T17:00:00+09:00;188539
実績;2018-06-15T18:00:00+09:00;152713
実績;2018-06-15T19:00:00+09:00;121360
実績;2018-06-15T20:00:00+09:00;122613
実績;2018-06-15T21:00:00+09:00;135976
実績;2018-06-15T22:00:00+09:00;138906
実績;2018-06-15T23:00:00+09:00;125572
実績;2018-06-16T00:00:00+09:00;95717
実績;2018-06-16T01:00:00+09:00;57940
実績;2018-06-16T02:00:00+09:00;38769
実績;2018-06-16T03:00:00+09:00;23477
実績;2018-06-16T04:00:00+09:00;18288
実績;2018-06-16T05:00:00+09:00;21424
実績;2018-06-16T06:00:00+09:00;30584
実績;2018-06-16T07:00:00+09:00;41540
実績;2018-06-16T08:00:00+09:00;69606
実績;2018-06-16T09:00:00+09:00;113341
実績;2018-06-16T10:00:00+09:00;146420
実績;2018-06-16T11:00:00+09:00;152240
実績;2018-06-16T12:00:00+09:00;134965
実績;2018-06-16T13:00:00+09:00;148832
実績;2018-06-16T14:00:00+09:00;159125
実績;2018-06-16T15:00:00+09:00;168968
実績;2018-06-16T16:00:00+09:00;174252
実績;2018-06-16T17:00:00+09:00;168472
実績;2018-06-16T18:00:00+09:00;151131
実績;2018-06-16T19:00:00+09:00;125891
実績;2018-06-16T20:00:00+09:00;139174
実績;2018-06-16T21:00:00+09:00;159925
実績;2018-06-16T22:00:00+09:00;166714
実績;2018-06-16T23:00:00+09:00;142211
実績;2018-06-17T00:00:00+09:00;110855
実績;2018-06-17T01:00:00+09:00;70787
実績;2018-06-17T02:00:00+09:00;45882
実績;2018-06-17T03:00:00+09:00;29250
実績;2018-06-17T04:00:00+09:00;19708
実績;2018-06-17T05:00:00+09:00;20885
実績;2018-06-17T06:00:00+09:00;31079
実績;2018-06-17T07:00:00+09:00;43607
実績;2018-06-17T08:00:00+09:00;71525
実績;2018-06-17T09:00:00+09:00;116765
実績;2018-06-17T10:00:00+09:00;144069
実績;2018-06-17T11:00:00+09:00;148889
実績;2018-06-17T12:00:00+09:00;134181
実績;2018-06-17T13:00:00+09:00;141911
実績;2018-06-17T14:00:00+09:00;153693
実績;2018-06-17T15:00:00+09:00;163843
実績;2018-06-17T16:00:00+09:00;176822
実績;2018-06-17T17:00:00+09:00;178807
実績;2018-06-17T18:00:00+09:00;167696
実績;2018-06-17T19:00:00+09:00;150814
実績;2018-06-17T20:00:00+09:00;165862
実績;2018-06-17T21:00:00+09:00;182457
実績;2018-06-17T22:00:00+09:00;184346
実績;2018-06-17T23:00:00+09:00;153460
実績;2018-06-18T00:00:00+09:00;101731
実績;2018-06-18T01:00:00+09:00;60446
実績;2018-06-18T02:00:00+09:00;40986
実績;2018-06-18T03:00:00+09:00;23887
実績;2018-06-18T04:00:00+09:00;17464
実績;2018-06-18T05:00:00+09:00;19372
実績;2018-06-18T06:00:00+09:00;25135
実績;2018-06-18T07:00:00+09:00;39657
実績;2018-06-18T08:00:00+09:00;61522
実績;2018-06-18T09:00:00+09:00;113847
実績;2018-06-18T10:00:00+09:00;159764
実績;2018-06-18T11:00:00+09:00;180630
実績;2018-06-18T12:00:00+09:00;184032
実績;2018-06-18T13:00:00+09:00;183570
実績;2018-06-18T14:00:00+09:00;197047
実績;2018-06-18T15:00:00+09:00;214639
実績;2018-06-18T16:00:00+09:00;221541
実績;2018-06-18T17:00:00+09:00;197075
実績;2018-06-18T18:00:00+09:00;157105
実績;2018-06-18T19:00:00+09:00;126811
実績;2018-06-18T20:00:00+09:00;135617
実績;2018-06-18T21:00:00+09:00;155681
実績;2018-06-18T22:00:00+09:00;164233
実績;2018-06-18T23:00:00+09:00;137599
実績;2018-06-19T00:00:00+09:00;87891
実績;2018-06-19T01:00:00+09:00;54418
実績;2018-06-19T02:00:00+09:00;35650
実績;2018-06-19T03:00:00+09:00;22139
実績;2018-06-19T04:00:00+09:00;15962
実績;2018-06-19T05:00:00+09:00;21436
実績;2018-06-19T06:00:00+09:00;26496
実績;2018-06-19T07:00:00+09:00;33674
実績;2018-06-19T08:00:00+09:00;71696
実績;2018-06-19T09:00:00+09:00;119864
実績;2018-06-19T10:00:00+09:00;161458
実績;2018-06-19T11:00:00+09:00;181035
実績;2018-06-19T12:00:00+09:00;191167
実績;2018-06-19T13:00:00+09:00;179530
実績;2018-06-19T14:00:00+09:00;193120
実績;2018-06-19T15:00:00+09:00;205551
実績;2018-06-19T16:00:00+09:00;205880
実績;2018-06-19T17:00:00+09:00;184108
実績;2018-06-19T18:00:00+09:00;146215
実績;2018-06-19T19:00:00+09:00;119067
実績;2018-06-19T20:00:00+09:00;124589
実績;2018-06-19T21:00:00+09:00;124514
実績;2018-06-19T22:00:00+09:00;128461
実績;2018-06-19T23:00:00+09:00;127581
実績;2018-06-20T00:00:00+09:00;94033
実績;2018-06-20T01:00:00+09:00;57025
実績;2018-06-20T02:00:00+09:00;38520
実績;2018-06-20T03:00:00+09:00;26588
実績;2018-06-20T04:00:00+09:00;22798
実績;2018-06-20T05:00:00+09:00;24092
実績;2018-06-20T06:00:00+09:00;30790
実績;2018-06-20T07:00:00+09:00;40466
実績;2018-06-20T08:00:00+09:00;70873
実績;2018-06-20T09:00:00+09:00;114183
実績;2018-06-20T10:00:00+09:00;154326
実績;2018-06-20T11:00:00+09:00;173203
実績;2018-06-20T12:00:00+09:00;178085
実績;2018-06-20T13:00:00+09:00;165696
実績;2018-06-20T14:00:00+09:00;179767
実績;2018-06-20T15:00:00+09:00;190921
実績;2018-06-20T16:00:00+09:00;201576
実績;2018-06-20T17:00:00+09:00;172435
実績;2018-06-20T18:00:00+09:00;140143
実績;2018-06-20T19:00:00+09:00;117591
実績;2018-06-20T20:00:00+09:00;133358
実績;2018-06-20T21:00:00+09:00;149661
実績;2018-06-20T22:00:00+09:00;156024
実績;2018-06-20T23:00:00+09:00;138282
実績;2018-06-21T00:00:00+09:00;91683
実績;2018-06-21T01:00:00+09:00;57493
実績;2018-06-21T02:00:00+09:00;40589
実績;2018-06-21T03:00:00+09:00;29029
実績;2018-06-21T04:00:00+09:00;23405
実績;2018-06-21T05:00:00+09:00;26441
実績;2018-06-21T06:00:00+09:00;33003
実績;2018-06-21T07:00:00+09:00;41633
実績;2018-06-21T08:00:00+09:00;73646
実績;2018-06-21T09:00:00+09:00;124882
実績;2018-06-21T10:00:00+09:00;171963
実績;2018-06-21T11:00:00+09:00;190666
実績;2018-06-21T12:00:00+09:00;191622
実績;2018-06-21T13:00:00+09:00;180944
実績;2018-06-21T14:00:00+09:00;192714
実績;2018-06-21T15:00:00+09:00;206884
実績;2018-06-21T16:00:00+09:00;212156
実績;2018-06-21T17:00:00+09:00;192528
実績;2018-06-21T18:00:00+09:00;153892
実績;2018-06-21T19:00:00+09:00;127403
実績;2018-06-21T20:00:00+09:00;135056
実績;2018-06-21T21:00:00+09:00;152939
実績;2018-06-21T22:00:00+09:00;163940
実績;2018-06-21T23:00:00+09:00;139526
実績;2018-06-22T00:00:00+09:00;93961
実績;2018-06-22T01:00:00+09:00;59495
実績;2018-06-22T02:00:00+09:00;42487
実績;2018-06-22T03:00:00+09:00;27978
実績;2018-06-22T04:00:00+09:00;22601
実績;2018-06-22T05:00:00+09:00;25815
実績;2018-06-22T06:00:00+09:00;32021
実績;2018-06-22T07:00:00+09:00;40439
実績;2018-06-22T08:00:00+09:00;74227
実績;2018-06-22T09:00:00+09:00;125330
実績;2018-06-22T10:00:00+09:00;171162
実績;2018-06-22T11:00:00+09:00;184233
実績;2018-06-22T12:00:00+09:00;183991
実績;2018-06-22T13:00:00+09:00;169604
実績;2018-06-22T14:00:00+09:00;181590
実績;2018-06-22T15:00:00+09:00;193643
実績;2018-06-22T16:00:00+09:00;200568
実績;2018-06-22T17:00:00+09:00;178161
実績;2018-06-22T18:00:00+09:00;144835
実績;2018-06-22T19:00:00+09:00;116668
実績;2018-06-22T20:00:00+09:00;121644
実績;2018-06-22T21:00:00+09:00;129247
実績;2018-06-22T22:00:00+09:00;123829
実績;2018-06-22T23:00:00+09:00;123886
実績;2018-06-23T00:00:00+09:00;92931
実績;2018-06-23T01:00:00+09:00;61161
実績;2018-06-23T02:00:00+09:00;37583
実績;2018-06-23T03:00:00+09:00;24643
実績;2018-06-23T04:00:00+09:00;20038
実績;2018-06-23T05:00:00+09:00;23035
実績;2018-06-23T06:00:00+09:00;32034
実績;2018-06-23T07:00:00+09:00;42688
実績;2018-06-23T08:00:00+09:00;71485
実績;2018-06-23T09:00:00+09:00;117516
実績;2018-06-23T10:00:00+09:00;150385
実績;2018-06-23T11:00:00+09:00;156907
実績;2018-06-23T12:00:00+09:00;138631
実績;2018-06-23T13:00:00+09:00;155448
実績;2018-06-23T14:00:00+09:00;170501
実績;2018-06-23T15:00:00+09:00;179962
実績;2018-06-23T16:00:00+09:00;188670
実績;2018-06-23T17:00:00+09:00;186160
実績;2018-06-23T18:00:00+09:00;161946
実績;2018-06-23T19:00:00+09:00;134748
実績;2018-06-23T20:00:00+09:00;146746
実績;2018-06-23T21:00:00+09:00;173214
実績;2018-06-23T22:00:00+09:00;178062
実績;2018-06-23T23:00:00+09:00;149226
実績;2018-06-24T00:00:00+09:00;109079
実績;2018-06-24T01:00:00+09:00;72465
実績;2018-06-24T02:00:00+09:00;48682
実績;2018-06-24T03:00:00+09:00;30584
実績;2018-06-24T04:00:00+09:00;20834
実績;2018-06-24T05:00:00+09:00;24430
実績;2018-06-24T06:00:00+09:00;33504
実績;2018-06-24T07:00:00+09:00;46221
実績;2018-06-24T08:00:00+09:00;73385
実績;2018-06-24T09:00:00+09:00;113258
実績;2018-06-24T10:00:00+09:00;145703
実績;2018-06-24T11:00:00+09:00;150013
実績;2018-06-24T12:00:00+09:00;133296
実績;2018-06-24T13:00:00+09:00;143447
実績;2018-06-24T14:00:00+09:00;151696
実績;2018-06-24T15:00:00+09:00;160263
実績;2018-06-24T16:00:00+09:00;171964
実績;2018-06-24T17:00:00+09:00;171883
実績;2018-06-24T18:00:00+09:00;164172
実績;2018-06-24T19:00:00+09:00;144119
実績;2018-06-24T20:00:00+09:00;151714
実績;2018-06-24T21:00:00+09:00;169401
実績;2018-06-24T22:00:00+09:00;180850
実績;2018-06-24T23:00:00+09:00;160585
実績;2018-06-25T00:00:00+09:00;86557
実績;2018-06-25T01:00:00+09:00;54220
実績;2018-06-25T02:00:00+09:00;41448
実績;2018-06-25T03:00:00+09:00;24931
実績;2018-06-25T04:00:00+09:00;16958
実績;2018-06-25T05:00:00+09:00;16222
実績;2018-06-25T06:00:00+09:00;22717
実績;2018-06-25T07:00:00+09:00;32772
実績;2018-06-25T08:00:00+09:00;64234
実績;2018-06-25T09:00:00+09:00;112073
実績;2018-06-25T10:00:00+09:00;157416
実績;2018-06-25T11:00:00+09:00;178928
実績;2018-06-25T12:00:00+09:00;186995
実績;2018-06-25T13:00:00+09:00;174804
実績;2018-06-25T14:00:00+09:00;184617
実績;2018-06-25T15:00:00+09:00;199721
実績;2018-06-25T16:00:00+09:00;204724
実績;2018-06-25T17:00:00+09:00;184096
実績;2018-06-25T18:00:00+09:00;148172
実績;2018-06-25T19:00:00+09:00;129549
実績;2018-06-25T20:00:00+09:00;128533
実績;2018-06-25T21:00:00+09:00;148625
実績;2018-06-25T22:00:00+09:00;153906
実績;2018-06-25T23:00:00+09:00;129263
実績;2018-06-26T00:00:00+09:00;91015
実績;2018-06-26T01:00:00+09:00;54713
実績;2018-06-26T02:00:00+09:00;35877
実績;2018-06-26T03:00:00+09:00;21836
実績;2018-06-26T04:00:00+09:00;16956
実績;2018-06-26T05:00:00+09:00;20704
実績;2018-06-26T06:00:00+09:00;27979
実績;2018-06-26T07:00:00+09:00;36893
実績;2018-06-26T08:00:00+09:00;69996
実績;2018-06-26T09:00:00+09:00;118209
実績;2018-06-26T10:00:00+09:00;163140
実績;2018-06-26T11:00:00+09:00;181285
実績;2018-06-26T12:00:00+09:00;186554
実績;2018-06-26T13:00:00+09:00;172156
実績;2018-06-26T14:00:00+09:00;183994
実績;2018-06-26T15:00:00+09:00;197853
実績;2018-06-26T16:00:00+09:00;199644
実績;2018-06-26T17:00:00+09:00;175295
実績;2018-06-26T18:00:00+09:00;140624
実績;2018-06-26T19:00:00+09:00;112447
実績;2018-06-26T20:00:00+09:00;126770
実績;2018-06-26T21:00:00+09:00;142756
実績;2018-06-26T22:00:00+09:00;164653
実績;2018-06-26T23:00:00+09:00;141580
実績;2018-06-27T00:00:00+09:00;91361
実績;2018-06-27T01:00:00+09:00;60478
実績;2018-06-27T02:00:00+09:00;39587
実績;2018-06-27T03:00:00+09:00;24146
実績;2018-06-27T04:00:00+09:00;19128
実績;2018-06-27T05:00:00+09:00;21539
実績;2018-06-27T06:00:00+09:00;29897
実績;2018-06-27T07:00:00+09:00;36958
実績;2018-06-27T08:00:00+09:00;66355
実績;2018-06-27T09:00:00+09:00;104942
実績;2018-06-27T10:00:00+09:00;141812
実績;2018-06-27T11:00:00+09:00;159954
実績;2018-06-27T12:00:00+09:00;170505
実績;2018-06-27T13:00:00+09:00;157156
実績;2018-06-27T14:00:00+09:00;167826
実績;2018-06-27T15:00:00+09:00;179119
実績;2018-06-27T16:00:00+09:00;182792
実績;2018-06-27T17:00:00+09:00;158076
実績;2018-06-27T18:00:00+09:00;120163
実績;2018-06-27T19:00:00+09:00;100354
実績;2018-06-27T20:00:00+09:00;121087
実績;2018-06-27T21:00:00+09:00;140542
実績;2018-06-27T22:00:00+09:00;144869
実績;2018-06-27T23:00:00+09:00;120837
実績;2018-06-28T00:00:00+09:00;76830
実績;2018-06-28T01:00:00+09:00;46870
実績;2018-06-28T02:00:00+09:00;32610
実績;2018-06-28T03:00:00+09:00;21028
実績;2018-06-28T04:00:00+09:00;15522
実績;2018-06-28T05:00:00+09:00;17264
実績;2018-06-28T06:00:00+09:00;24191
実績;2018-06-28T07:00:00+09:00;34428
実績;2018-06-28T08:00:00+09:00;66264
実績;2018-06-28T09:00:00+09:00;114267
実績;2018-06-28T10:00:00+09:00;156699
実績;2018-06-28T11:00:00+09:00;171585
実績;2018-06-28T12:00:00+09:00;179136
実績;2018-06-28T13:00:00+09:00;167522
実績;2018-06-28T14:00:00+09:00;179245
実績;2018-06-28T15:00:00+09:00;190646
実績;2018-06-28T16:00:00+09:00;193148
実績;2018-06-28T17:00:00+09:00;177221
実績;2018-06-28T18:00:00+09:00;140163
実績;2018-06-28T19:00:00+09:00;112462
実績;2018-06-28T20:00:00+09:00;116947
実績;2018-06-28T21:00:00+09:00;135717
実績;2018-06-28T22:00:00+09:00;134269
実績;2018-06-28T23:00:00+09:00;95203
実績;2018-06-29T00:00:00+09:00;65785
実績;2018-06-29T01:00:00+09:00;53008
実績;2018-06-29T02:00:00+09:00;35451
実績;2018-06-29T03:00:00+09:00;19542
実績;2018-06-29T04:00:00+09:00;14311
実績;2018-06-29T05:00:00+09:00;15525
実績;2018-06-29T06:00:00+09:00;22285
実績;2018-06-29T07:00:00+09:00;32847
実績;2018-06-29T08:00:00+09:00;62230
実績;2018-06-29T09:00:00+09:00;108615
実績;2018-06-29T10:00:00+09:00;147219
実績;2018-06-29T11:00:00+09:00;162753
実績;2018-06-29T12:00:00+09:00;161585
実績;2018-06-29T13:00:00+09:00;155538
実績;2018-06-29T14:00:00+09:00;162006
実績;2018-06-29T15:00:00+09:00;169455
実績;2018-06-29T16:00:00+09:00;173431
実績;2018-06-29T17:00:00+09:00;158122
実績;2018-06-29T18:00:00+09:00;130087
実績;2018-06-29T19:00:00+09:00;101170
実績;2018-06-29T20:00:00+09:00;103898
実績;2018-06-29T21:00:00+09:00;114310
実績;2018-06-29T22:00:00+09:00;118332
実績;2018-06-29T23:00:00+09:00;109864
実績;2018-06-30T00:00:00+09:00;78586
実績;2018-06-30T01:00:00+09:00;50023
実績;2018-06-30T02:00:00+09:00;34802
実績;2018-06-30T03:00:00+09:00;22294
実績;2018-06-30T04:00:00+09:00;17167
実績;2018-06-30T05:00:00+09:00;19482
実績;2018-06-30T06:00:00+09:00;28988
実績;2018-06-30T07:00:00+09:00;37559
実績;2018-06-30T08:00:00+09:00;62851
実績;2018-06-30T09:00:00+09:00;102759
実績;2018-06-30T10:00:00+09:00;130018
実績;2018-06-30T11:00:00+09:00;141290
実績;2018-06-30T12:00:00+09:00;122630
実績;2018-06-30T13:00:00+09:00;132308
実績;2018-06-30T14:00:00+09:00;143770
実績;2018-06-30T15:00:00+09:00;149215
実績;2018-06-30T16:00:00+09:00;155176
実績;2018-06-30T17:00:00+09:00;153387
実績;2018-06-30T18:00:00+09:00;131406
実績;2018-06-30T19:00:00+09:00;112072
実績;2018-06-30T20:00:00+09:00;121251
実績;2018-06-30T21:00:00+09:00;137596
実績;2018-06-30T22:00:00+09:00;138853
実績;2018-06-30T23:00:00+09:00;122308
実績;2018-07-01T00:00:00+09:00;89993
実績;2018-07-01T01:00:00+09:00;63200
実績;2018-07-01T02:00:00+09:00;44426
実績;2018-07-01T03:00:00+09:00;25744
実績;2018-07-01T04:00:00+09:00;17340
実績;2018-07-01T05:00:00+09:00;19862
実績;2018-07-01T06:00:00+09:00;28551
実績;2018-07-01T07:00:00+09:00;40325
実績;2018-07-01T08:00:00+09:00;64428
実績;2018-07-01T09:00:00+09:00;104926
実績;2018-07-01T10:00:00+09:00;128793
実績;2018-07-01T11:00:00+09:00;135936
実績;2018-07-01T12:00:00+09:00;121836
実績;2018-07-01T13:00:00+09:00;129413
実績;2018-07-01T14:00:00+09:00;142277
実績;2018-07-01T15:00:00+09:00;151851
実績;2018-07-01T16:00:00+09:00;158802
実績;2018-07-01T17:00:00+09:00;158469
実績;2018-07-01T18:00:00+09:00;146132
実績;2018-07-01T19:00:00+09:00;123994
実績;2018-07-01T20:00:00+09:00;135527
実績;2018-07-01T21:00:00+09:00;154622
実績;2018-07-01T22:00:00+09:00;168275
実績;2018-07-01T23:00:00+09:00;136167
実績;2018-07-02T00:00:00+09:00;95548
実績;2018-07-02T01:00:00+09:00;56231
実績;2018-07-02T02:00:00+09:00;39167
実績;2018-07-02T03:00:00+09:00;26491
実績;2018-07-02T04:00:00+09:00;20824
実績;2018-07-02T05:00:00+09:00;21717
実績;2018-07-02T06:00:00+09:00;28923
実績;2018-07-02T07:00:00+09:00;39997
実績;2018-07-02T08:00:00+09:00;63747
実績;2018-07-02T09:00:00+09:00;108726
実績;2018-07-02T10:00:00+09:00;151447
実績;2018-07-02T11:00:00+09:00;175574
実績;2018-07-02T12:00:00+09:00;183984
実績;2018-07-02T13:00:00+09:00;167100
実績;2018-07-02T14:00:00+09:00;179480
実績;2018-07-02T15:00:00+09:00;189993
実績;2018-07-02T16:00:00+09:00;189600
実績;2018-07-02T17:00:00+09:00;180266
実績;2018-07-02T18:00:00+09:00;143802
実績;2018-07-02T19:00:00+09:00;114538
実績;2018-07-02T20:00:00+09:00;117776
実績;2018-07-02T21:00:00+09:00;135341
実績;2018-07-02T22:00:00+09:00;143594
実績;2018-07-02T23:00:00+09:00;117229
実績;2018-07-03T00:00:00+09:00;78928
実績;2018-07-03T01:00:00+09:00;50209
実績;2018-07-03T02:00:00+09:00;33637
実績;2018-07-03T03:00:00+09:00;20193
実績;2018-07-03T04:00:00+09:00;18158
実績;2018-07-03T05:00:00+09:00;26037
実績;2018-07-03T06:00:00+09:00;30961
実績;2018-07-03T07:00:00+09:00;37616
実績;2018-07-03T08:00:00+09:00;62305
実績;2018-07-03T09:00:00+09:00;106846
実績;2018-07-03T10:00:00+09:00;146694
実績;2018-07-03T11:00:00+09:00;162836
実績;2018-07-03T12:00:00+09:00;171196
実績;2018-07-03T13:00:00+09:00;160186
実績;2018-07-03T14:00:00+09:00;167526
実績;2018-07-03T15:00:00+09:00;183432
実績;2018-07-03T16:00:00+09:00;187296
実績;2018-07-03T17:00:00+09:00;168465
実績;2018-07-03T18:00:00+09:00;137572
実績;2018-07-03T19:00:00+09:00;109194
実績;2018-07-03T20:00:00+09:00;122598
実績;2018-07-03T21:00:00+09:00;138530
実績;2018-07-03T22:00:00+09:00;139267
実績;2018-07-03T23:00:00+09:00;122679
実績;2018-07-04T00:00:00+09:00;80372
実績;2018-07-04T01:00:00+09:00;47550
実績;2018-07-04T02:00:00+09:00;32332
実績;2018-07-04T03:00:00+09:00;21857
実績;2018-07-04T04:00:00+09:00;18031
実績;2018-07-04T05:00:00+09:00;19435
実績;2018-07-04T06:00:00+09:00;27648
実績;2018-07-04T07:00:00+09:00;32996
実績;2018-07-04T08:00:00+09:00;62609
実績;2018-07-04T09:00:00+09:00;101388
実績;2018-07-04T10:00:00+09:00;136396
実績;2018-07-04T11:00:00+09:00;149470
実績;2018-07-04T12:00:00+09:00;160138
実績;2018-07-04T13:00:00+09:00;149309
実績;2018-07-04T14:00:00+09:00;158268
実績;2018-07-04T15:00:00+09:00;165237
実績;2018-07-04T16:00:00+09:00;162192
実績;2018-07-04T17:00:00+09:00;145275
実績;2018-07-04T18:00:00+09:00;124970
実績;2018-07-04T19:00:00+09:00;103688
実績;2018-07-04T20:00:00+09:00;114145
実績;2018-07-04T21:00:00+09:00;133759
実績;2018-07-04T22:00:00+09:00;139634
実績;2018-07-04T23:00:00+09:00;124611
実績;2018-07-05T00:00:00+09:00;80805
実績;2018-07-05T01:00:00+09:00;49828
実績;2018-07-05T02:00:00+09:00;34699
実績;2018-07-05T03:00:00+09:00;22533
実績;2018-07-05T04:00:00+09:00;17897
実績;2018-07-05T05:00:00+09:00;19528
実績;2018-07-05T06:00:00+09:00;26645
実績;2018-07-05T07:00:00+09:00;31670
実績;2018-07-05T08:00:00+09:00;66099
実績;2018-07-05T09:00:00+09:00;116059
実績;2018-07-05T10:00:00+09:00;160475
実績;2018-07-05T11:00:00+09:00;177414
実績;2018-07-05T12:00:00+09:00;177121
実績;2018-07-05T13:00:00+09:00;167177
実績;2018-07-05T14:00:00+09:00;174690
実績;2018-07-05T15:00:00+09:00;190727
実績;2018-07-05T16:00:00+09:00;195185
実績;2018-07-05T17:00:00+09:00;180761
実績;2018-07-05T18:00:00+09:00;144284
実績;2018-07-05T19:00:00+09:00;114478
実績;2018-07-05T20:00:00+09:00;122319
実績;2018-07-05T21:00:00+09:00;139545
実績;2018-07-05T22:00:00+09:00;147388
実績;2018-07-05T23:00:00+09:00;125871
実績;2018-07-06T00:00:00+09:00;82488
実績;2018-07-06T01:00:00+09:00;49719
実績;2018-07-06T02:00:00+09:00;33874
実績;2018-07-06T03:00:00+09:00;23178
実績;2018-07-06T04:00:00+09:00;18219
実績;2018-07-06T05:00:00+09:00;19732
実績;2018-07-06T06:00:00+09:00;25643
実績;2018-07-06T07:00:00+09:00;29992
実績;2018-07-06T08:00:00+09:00;64505
実績;2018-07-06T09:00:00+09:00;113224
実績;2018-07-06T10:00:00+09:00;158894
実績;2018-07-06T11:00:00+09:00;173105
実績;2018-07-06T12:00:00+09:00;171444
実績;2018-07-06T13:00:00+09:00;163873
実績;2018-07-06T14:00:00+09:00;176136
実績;2018-07-06T15:00:00+09:00;178152
実績;2018-07-06T16:00:00+09:00;190824
実績;2018-07-06T17:00:00+09:00;171634
実績;2018-07-06T18:00:00+09:00;139715
実績;2018-07-06T19:00:00+09:00;111361
実績;2018-07-06T20:00:00+09:00;115823
実績;2018-07-06T21:00:00+09:00;126245
実績;2018-07-06T22:00:00+09:00;135025
実績;2018-07-06T23:00:00+09:00;117769
実績;2018-07-07T00:00:00+09:00;83562
実績;2018-07-07T01:00:00+09:00;55054
実績;2018-07-07T02:00:00+09:00;40618
実績;2018-07-07T03:00:00+09:00;23590
実績;2018-07-07T04:00:00+09:00;18428
実績;2018-07-07T05:00:00+09:00;21784
実績;2018-07-07T06:00:00+09:00;28052
実績;2018-07-07T07:00:00+09:00;30155
実績;2018-07-07T08:00:00+09:00;62790
実績;2018-07-07T09:00:00+09:00;105353
実績;2018-07-07T10:00:00+09:00;133294
実績;2018-07-07T11:00:00+09:00;145260
実績;2018-07-07T12:00:00+09:00;127734
実績;2018-07-07T13:00:00+09:00;137384
実績;2018-07-07T14:00:00+09:00;150111
実績;2018-07-07T15:00:00+09:00;143295
実績;2018-07-07T16:00:00+09:00;164932
実績;2018-07-07T17:00:00+09:00;161866
実績;2018-07-07T18:00:00+09:00;146100
実績;2018-07-07T19:00:00+09:00;124424
実績;2018-07-07T20:00:00+09:00;126269
実績;2018-07-07T21:00:00+09:00;147396
実績;2018-07-07T22:00:00+09:00;150201
実績;2018-07-07T23:00:00+09:00;131410
実績;2018-07-08T00:00:00+09:00;99059
実績;2018-07-08T01:00:00+09:00;66318
実績;2018-07-08T02:00:00+09:00;45600
実績;2018-07-08T03:00:00+09:00;27212
実績;2018-07-08T04:00:00+09:00;19245
実績;2018-07-08T05:00:00+09:00;18506
実績;2018-07-08T06:00:00+09:00;29466
実績;2018-07-08T07:00:00+09:00;32224
実績;2018-07-08T08:00:00+09:00;64747
実績;2018-07-08T09:00:00+09:00;107703
実績;2018-07-08T10:00:00+09:00;133929
実績;2018-07-08T11:00:00+09:00;137984
実績;2018-07-08T12:00:00+09:00;122533
実績;2018-07-08T13:00:00+09:00;132275
実績;2018-07-08T14:00:00+09:00;136630
実績;2018-07-08T15:00:00+09:00;155384
実績;2018-07-08T16:00:00+09:00;161089
実績;2018-07-08T17:00:00+09:00;160257
実績;2018-07-08T18:00:00+09:00;150088
実績;2018-07-08T19:00:00+09:00;128067
実績;2018-07-08T20:00:00+09:00;138073
実績;2018-07-08T21:00:00+09:00;161820
実績;2018-07-08T22:00:00+09:00;163161
実績;2018-07-08T23:00:00+09:00;138519
実績;2018-07-09T00:00:00+09:00;93115
実績;2018-07-09T01:00:00+09:00;57488
実績;2018-07-09T02:00:00+09:00;37446
実績;2018-07-09T03:00:00+09:00;23514
実績;2018-07-09T04:00:00+09:00;16773
実績;2018-07-09T05:00:00+09:00;18870
実績;2018-07-09T06:00:00+09:00;25426
実績;2018-07-09T07:00:00+09:00;28105
実績;2018-07-09T08:00:00+09:00;62562
実績;2018-07-09T09:00:00+09:00;111400
実績;2018-07-09T10:00:00+09:00;154619
実績;2018-07-09T11:00:00+09:00;170527
実績;2018-07-09T12:00:00+09:00;176677
実績;2018-07-09T13:00:00+09:00;164583
実績;2018-07-09T14:00:00+09:00;181892
実績;2018-07-09T15:00:00+09:00;185198
実績;2018-07-09T16:00:00+09:00;192613
実績;2018-07-09T17:00:00+09:00;174779
実績;2018-07-09T18:00:00+09:00;143646
実績;2018-07-09T19:00:00+09:00;117204
実績;2018-07-09T20:00:00+09:00;121257
実績;2018-07-09T21:00:00+09:00;142910
実績;2018-07-09T22:00:00+09:00;149812
実績;2018-07-09T23:00:00+09:00;128114
実績;2018-07-10T00:00:00+09:00;85013
実績;2018-07-10T01:00:00+09:00;50264
実績;2018-07-10T02:00:00+09:00;34669
実績;2018-07-10T03:00:00+09:00;23849
実績;2018-07-10T04:00:00+09:00;18608
実績;2018-07-10T05:00:00+09:00;20712
実績;2018-07-10T06:00:00+09:00;27458
実績;2018-07-10T07:00:00+09:00;27869
実績;2018-07-10T08:00:00+09:00;65593
実績;2018-07-10T09:00:00+09:00;111034
実績;2018-07-10T10:00:00+09:00;149465
実績;2018-07-10T11:00:00+09:00;164044
実績;2018-07-10T12:00:00+09:00;175235
実績;2018-07-10T13:00:00+09:00;157291
実績;2018-07-10T14:00:00+09:00;168419
実績;2018-07-10T15:00:00+09:00;180739
実績;2018-07-10T16:00:00+09:00;185137
実績;2018-07-10T17:00:00+09:00;162467
実績;2018-07-10T18:00:00+09:00;133183
実績;2018-07-10T19:00:00+09:00;104826
実績;2018-07-10T20:00:00+09:00;116637
実績;2018-07-10T21:00:00+09:00;129496
実績;2018-07-10T22:00:00+09:00;135546
実績;2018-07-10T23:00:00+09:00;122634
実績;2018-07-11T00:00:00+09:00;79280
実績;2018-07-11T01:00:00+09:00;46547
実績;2018-07-11T02:00:00+09:00;32086
実績;2018-07-11T03:00:00+09:00;20674
実績;2018-07-11T04:00:00+09:00;16948
実績;2018-07-11T05:00:00+09:00;19929
実績;2018-07-11T06:00:00+09:00;26171
実績;2018-07-11T07:00:00+09:00;30328
実績;2018-07-11T08:00:00+09:00;61547
実績;2018-07-11T09:00:00+09:00;98587
実績;2018-07-11T10:00:00+09:00;125235
実績;2018-07-11T11:00:00+09:00;142376
実績;2018-07-11T12:00:00+09:00;154735
実績;2018-07-11T13:00:00+09:00;143926
実績;2018-07-11T14:00:00+09:00;151960
実績;2018-07-11T15:00:00+09:00;156987
実績;2018-07-11T16:00:00+09:00;163445
実績;2018-07-11T17:00:00+09:00;140670
実績;2018-07-11T18:00:00+09:00;110229
実績;2018-07-11T19:00:00+09:00;93041
実績;2018-07-11T20:00:00+09:00;103669
実績;2018-07-11T21:00:00+09:00;121640
実績;2018-07-11T22:00:00+09:00;129882
実績;2018-07-11T23:00:00+09:00;114132
実績;2018-07-12T00:00:00+09:00;null
実績;2018-07-12T01:00:00+09:00;null
実績;2018-07-12T02:00:00+09:00;null
実績;2018-07-12T03:00:00+09:00;null
実績;2018-07-12T04:00:00+09:00;null
実績;2018-07-12T05:00:00+09:00;null
実績;2018-07-12T06:00:00+09:00;null
実績;2018-07-12T07:00:00+09:00;null
実績;2018-07-12T08:00:00+09:00;null
実績;2018-07-12T09:00:00+09:00;null
実績;2018-07-12T10:00:00+09:00;null
実績;2018-07-12T11:00:00+09:00;null
実績;2018-07-12T12:00:00+09:00;null
実績;2018-07-12T13:00:00+09:00;null
実績;2018-07-12T14:00:00+09:00;null
実績;2018-07-12T15:00:00+09:00;null
実績;2018-07-12T16:00:00+09:00;null
実績;2018-07-12T17:00:00+09:00;null
実績;2018-07-12T18:00:00+09:00;null
実績;2018-07-12T19:00:00+09:00;null
実績;2018-07-12T20:00:00+09:00;null
実績;2018-07-12T21:00:00+09:00;null
実績;2018-07-12T22:00:00+09:00;null
実績;2018-07-12T23:00:00+09:00;null
実績;2018-07-13T00:00:00+09:00;null
実績;2018-07-13T01:00:00+09:00;null
実績;2018-07-13T02:00:00+09:00;null
実績;2018-07-13T03:00:00+09:00;null
実績;2018-07-13T04:00:00+09:00;null
実績;2018-07-13T05:00:00+09:00;null
実績;2018-07-13T06:00:00+09:00;null
実績;2018-07-13T07:00:00+09:00;null
実績;2018-07-13T08:00:00+09:00;null
実績;2018-07-13T09:00:00+09:00;null
実績;2018-07-13T10:00:00+09:00;null
実績;2018-07-13T11:00:00+09:00;null
実績;2018-07-13T12:00:00+09:00;null
実績;2018-07-13T13:00:00+09:00;null
実績;2018-07-13T14:00:00+09:00;null
実績;2018-07-13T15:00:00+09:00;null
実績;2018-07-13T16:00:00+09:00;null
実績;2018-07-13T17:00:00+09:00;null
実績;2018-07-13T18:00:00+09:00;null
実績;2018-07-13T19:00:00+09:00;null
